id,city_id,address
1,50,7660 Surrey Park
2,902,96009 Carey Court
3,283,411 Old Shore Court
4,110,68 Miller Place
5,11,1060 Debs Junction
6,33,82 Lillian Crossing
7,113,338 Logan Parkway
8,585,82591 Elgar Court
9,922,76 Reinke Junction
10,186,02 Sherman Street
11,353,4 Center Court
12,53,369 Evergreen Junction
13,928,4 Montana Lane
14,974,670 Laurel Hill
15,63,59102 Waywood Center
16,491,69849 Ramsey Street
17,575,8826 Canary Place
18,985,06379 Manufacturers Lane
19,787,31 Mariners Cove Road
20,611,7 Doe Crossing Trail
21,159,09 Fieldstone Circle
22,60,48 Redwing Hill
23,202,0 Pleasure Plaza
24,402,57 Loeprich Place
25,211,24 Rowland Hill
26,907,85 Armistice Street
27,624,17 Melrose Court
28,952,44 Welch Street
29,404,061 Mallory Hill
30,196,59807 Stang Court
31,548,88063 Trailsway Place
32,600,54673 Katie Hill
33,413,1 Michigan Place
34,248,9450 Gateway Junction
35,931,1296 Elka Pass
36,207,4 Vernon Point
37,178,23 Scoville Lane
38,144,65054 Chive Drive
39,225,42 Farwell Junction
40,521,802 Tennyson Plaza
41,827,02 Vidon Drive
42,235,528 Thackeray Parkway
43,424,683 Kenwood Road
44,799,927 La Follette Street
45,384,60 Northport Park
46,476,5358 Pierstorff Drive
47,276,632 Orin Alley
48,892,97 Everett Alley
49,265,816 Arizona Terrace
50,98,2 Westport Road
51,732,0406 Marquette Point
52,416,585 Chinook Park
53,906,190 Mitchell Place
54,51,1 Coleman Street
55,848,08592 Morrow Alley
56,796,49 Crescent Oaks Alley
57,139,1831 Montana Junction
58,461,1777 Corben Plaza
59,831,601 Logan Terrace
60,342,203 Kings Court
61,459,22255 Ilene Park
62,456,1 Grim Way
63,391,4 Muir Park
64,788,4898 Jenna Trail
65,877,23 Erie Circle
66,482,5 Schmedeman Lane
67,935,58 Dennis Point
68,208,188 Milwaukee Road
69,446,7369 Bayside Drive
70,574,62155 Prairieview Point
71,299,0 Mayer Parkway
72,716,04 Delaware Court
73,135,95 Miller Center
74,616,3177 Helena Circle
75,505,02 Village Green Lane
76,934,2376 Fieldstone Park
77,307,983 Lake View Plaza
78,644,26 Dixon Parkway
79,986,650 Maple Wood Place
80,401,95 Crest Line Crossing
81,918,1567 Sugar Terrace
82,534,90 Steensland Pass
83,99,51 Fairfield Hill
84,278,0345 Lillian Pass
85,653,603 Haas Hill
86,392,231 Sullivan Hill
87,432,947 Maywood Way
88,228,2 Huxley Street
89,271,09 Daystar Pass
90,512,4 Merry Parkway
91,16,87 Meadow Vale Way
92,739,92 Fisk Alley
93,647,2609 8th Park
94,61,65 Meadow Valley Hill
95,137,78 Elgar Hill
96,691,02 Grayhawk Court
97,501,4340 Warrior Terrace
98,609,981 Lakewood Junction
99,871,337 Tennessee Avenue
100,85,2265 Toban Street
101,149,64433 Starling Circle
102,198,6 Ludington Junction
103,62,89927 Onsgard Junction
104,776,53 Surrey Place
105,694,16118 Morningstar Pass
106,782,2809 Transport Avenue
107,445,94460 Amoth Pass
108,68,14 Merrick Pass
109,300,9 Graedel Hill
110,868,8 Paget Pass
111,867,799 Schiller Junction
112,108,91 Helena Street
113,890,0682 East Place
114,429,34084 Lillian Court
115,615,30401 Declaration Drive
116,403,321 Hintze Pass
117,897,10643 Sullivan Hill
118,340,775 Pepper Wood Circle
119,865,53 Brentwood Circle
120,389,8 Crescent Oaks Trail
121,908,605 Menomonie Place
122,968,3230 Killdeer Alley
123,320,1689 Algoma Park
124,949,4 Menomonie Trail
125,58,6291 5th Crossing
126,853,5408 Warrior Parkway
127,322,658 Jay Way
128,720,299 Muir Lane
129,272,6 Spenser Hill
130,408,49787 Michigan Pass
131,546,287 Fuller Plaza
132,667,89229 Weeping Birch Place
133,154,9374 Eagle Crest Point
134,711,7 Warbler Junction
135,377,66748 Lakewood Plaza
136,633,6 Dahle Way
137,967,43 Vermont Drive
138,156,30 Gale Pass
139,861,44522 Armistice Pass
140,500,5637 Clove Trail
141,20,3219 Dorton Crossing
142,463,68106 Montana Avenue
143,545,57154 Troy Way
144,987,547 Hovde Road
145,540,2151 Heffernan Crossing
146,193,65 Schmedeman Court
147,620,21115 Luster Point
148,700,000 Shopko Crossing
149,561,30 Shasta Drive
150,120,84 Hanson Plaza
151,130,6670 Weeping Birch Trail
152,736,0 Calypso Lane
153,367,83757 4th Way
154,511,14 Anthes Circle
155,147,490 Ryan Hill
156,253,106 Brown Place
157,163,302 Kings Alley
158,710,6541 Oak Court
159,270,10 Crest Line Alley
160,471,07 Morrow Point
161,479,36865 Jackson Road
162,469,5421 Shopko Road
163,460,4 Summer Ridge Drive
164,291,782 Oneill Park
165,7,0 Anzinger Place
166,195,00 Delaware Avenue
167,376,10 Brickson Park Pass
168,771,20476 Helena Avenue
169,370,328 School Center
170,663,05 Barby Road
171,503,743 Troy Terrace
172,588,9462 Northridge Junction
173,227,5 Maryland Lane
174,360,30839 Starling Point
175,95,0 Lindbergh Place
176,641,905 Bluestem Park
177,872,712 Derek Hill
178,878,13747 Garrison Drive
179,706,3788 Vera Street
180,115,870 Di Loreto Parkway
181,625,97 Everett Street
182,726,89493 Armistice Road
183,594,4664 Sullivan Point
184,341,4 Surrey Drive
185,677,4 Macpherson Point
186,10,77148 Rigney Court
187,82,3837 Hanover Plaza
188,730,89 Kinsman Pass
189,944,56 Evergreen Crossing
190,578,2043 Sunbrook Lane
191,972,5662 Banding Way
192,656,6880 Esker Circle
193,850,45 Dunning Way
194,323,700 Maryland Court
195,668,1188 Lunder Avenue
196,295,0504 Golden Leaf Street
197,629,31 Katie Hill
198,427,5 Monica Center
199,765,9 Troy Way
200,281,3 Forest Point
201,218,0445 Macpherson Court
202,901,75 Old Shore Hill
203,316,29557 Northridge Crossing
204,579,5645 Basil Parkway
205,335,10 Green Ridge Lane
206,406,709 Bowman Drive
207,899,1470 Oxford Plaza
208,83,112 Stoughton Road
209,146,928 3rd Point
210,426,5395 Nancy Circle
211,678,7 Bayside Point
212,942,6740 Dawn Way
213,531,74 Mcbride Terrace
214,768,9970 Helena Terrace
215,807,42979 Judy Avenue
216,651,97 Kipling Street
217,834,59 Stang Trail
218,558,9 Ilene Street
219,714,91497 Carioca Alley
220,946,99 Sherman Plaza
221,822,17541 Rigney Hill
222,380,4 Westridge Park
223,587,848 Village Way
224,564,108 Bultman Trail
225,187,7 Arkansas Drive
226,151,61 Myrtle Junction
227,357,6545 Florence Lane
228,763,94522 Dryden Pass
229,47,8 Prentice Street
230,256,50 Thompson Lane
231,383,127 Kenwood Crossing
232,493,0279 Clyde Gallagher Crossing
233,57,285 Anzinger Parkway
234,554,4792 Westport Plaza
235,418,87 Eagle Crest Circle
236,495,29 Westerfield Pass
237,312,49416 Fuller Point
238,9,20116 Sutteridge Way
239,41,2181 Kedzie Street
240,591,14 Anderson Road
241,467,2 Elmside Drive
242,439,99 Pennsylvania Pass
243,601,463 Roxbury Hill
244,960,3 Maryland Trail
245,542,81151 Goodland Court
246,852,96245 Vernon Drive
247,351,96 Marquette Place
248,599,899 Pierstorff Center
249,221,4 Main Plaza
250,524,5810 Rowland Pass
251,254,065 Brentwood Hill
252,101,2797 Warner Trail
253,570,0903 Lunder Terrace
254,563,71 Cardinal Circle
255,670,7830 Di Loreto Parkway
256,675,552 Stephen Way
257,556,7 Buell Junction
258,132,435 Calypso Pass
259,447,59236 Sachtjen Parkway
260,970,1663 Burning Wood Avenue
261,708,05 Messerschmidt Court
262,781,93773 Sloan Place
263,830,5 Stang Parkway
264,39,59 Butterfield Plaza
265,164,35509 Toban Parkway
266,753,70744 Corben Road
267,140,9 Roth Drive
268,286,604 David Crossing
269,528,2358 Monterey Parkway
270,237,2961 Dawn Street
271,245,98952 Doe Crossing Drive
272,880,06565 Sycamore Road
273,161,543 American Court
274,118,962 Eliot Pass
275,173,1967 Prentice Center
276,449,544 Gerald Terrace
277,274,1 New Castle Point
278,369,96 Hooker Circle
279,67,7880 Darwin Crossing
280,964,024 Ridge Oak Way
281,804,10 Vernon Street
282,419,72222 Kingsford Circle
283,328,44487 Tennessee Terrace
284,735,610 Sunfield Avenue
285,569,64464 Bultman Pass
286,232,68378 Stoughton Crossing
287,28,9 Butterfield Park
288,123,443 John Wall Street
289,234,59 Schlimgen Terrace
290,179,7534 Hoepker Alley
291,417,40 Roth Drive
292,36,683 Bowman Way
293,984,63 Miller Street
294,955,6 Clyde Gallagher Crossing
295,93,29109 Scott Hill
296,842,915 Chive Junction
297,450,154 Johnson Center
298,314,15 Merry Pass
299,836,55997 Melody Avenue
300,956,0552 Lawn Place
301,380,1 Maple Avenue
302,744,5 Monterey Point
303,535,05 Ruskin Road
304,580,1820 West Park
305,448,4 Maple Junction
306,684,4099 Fordem Alley
307,927,1191 Lunder Lane
308,812,137 Comanche Crossing
309,506,9 Longview Street
310,148,704 Kingsford Plaza
311,876,9890 Daystar Park
312,936,9 Manitowish Way
313,220,623 Orin Trail
314,29,87365 Crowley Trail
315,287,141 School Circle
316,761,7 Fallview Way
317,35,22882 Farmco Terrace
318,382,3987 Susan Parkway
319,793,658 Schmedeman Terrace
320,722,48 Mallard Road
321,655,566 Victoria Road
322,650,5781 Everett Avenue
323,856,385 Moland Trail
324,25,2150 Annamark Junction
325,231,102 Goodland Park
326,264,9 Lotheville Junction
327,686,4 Grayhawk Drive
328,595,44891 Upham Way
329,643,037 Ohio Junction
330,215,03075 Stang Trail
331,737,0 Kipling Trail
332,452,4038 Bayside Drive
333,917,26697 Sunnyside Road
334,166,776 Jay Center
335,49,6 Spenser Way
336,183,02308 Bobwhite Park
337,190,84184 Northview Point
338,780,69 Talisman Parkway
339,523,0118 Barnett Way
340,388,6641 Ludington Alley
341,80,3 Washington Place
342,329,830 Wayridge Crossing
343,339,11443 Truax Pass
344,117,56 Fair Oaks Place
345,21,09119 Crest Line Avenue
346,980,66225 Transport Trail
347,279,16734 Parkside Avenue
348,751,5 Randy Trail
349,572,49 Carpenter Way
350,657,84 6th Drive
351,398,21 Dawn Avenue
352,819,984 Jenna Hill
353,240,6 Bluestem Hill
354,169,5 Lukken Road
355,223,3017 Dahle Junction
356,750,11 Milwaukee Street
357,333,193 Bellgrove Park
358,795,922 Ludington Court
359,957,38 Upham Drive
360,473,46 Cody Pass
361,904,5 Macpherson Court
362,847,877 Roth Parkway
363,526,6212 Drewry Alley
364,932,8434 American Drive
365,4,91 Lukken Crossing
366,26,07 Dorton Avenue
367,52,5 Bultman Plaza
368,111,09095 Walton Crossing
369,188,439 Kensington Way
370,887,52 Ridge Oak Trail
371,457,8 Southridge Parkway
372,520,55 5th Court
373,325,73 Barby Hill
374,275,75746 Holmberg Pass
375,153,1819 Waxwing Parkway
376,142,3187 Lakewood Court
377,811,4 Hollow Ridge Crossing
378,715,50 Di Loreto Parkway
379,282,556 Scofield Trail
380,756,907 Comanche Trail
381,347,0657 Forster Terrace
382,390,1024 Northland Way
383,474,6626 Fulton Pass
384,355,68618 Walton Pass
385,484,1 Maywood Way
386,337,1 Messerschmidt Pass
387,646,9646 Bartelt Park
388,687,528 Glacier Hill Drive
389,532,4003 Ilene Pass
390,798,0 Darwin Alley
391,458,485 Scoville Terrace
392,362,714 International Junction
393,77,21 Schiller Court
394,470,538 Straubel Lane
395,46,1 Arrowood Avenue
396,127,0187 Crowley Trail
397,22,89737 Graedel Junction
398,442,2430 Canary Lane
399,6,73246 Oakridge Street
400,699,010 Northfield Trail
401,895,166 Fairview Trail
402,618,6202 Hudson Circle
403,345,2793 Columbus Alley
404,44,82674 1st Junction
405,331,7 Ridgeway Junction
406,481,294 Schlimgen Plaza
407,160,65247 Dakota Center
408,59,951 Dakota Point
409,399,43606 Utah Crossing
410,613,0 Northland Street
411,789,7171 Fremont Hill
412,32,892 Dennis Road
413,379,5 Loomis Road
414,610,43795 Rutledge Point
415,550,7984 Surrey Terrace
416,180,83632 Gina Point
417,874,8 New Castle Center
418,165,623 Roxbury Crossing
419,839,1 Sugar Terrace
420,74,2 Calypso Place
421,410,87062 Ilene Way
422,91,5 7th Junction
423,213,312 Artisan Plaza
424,79,5 Schmedeman Road
425,344,77780 Corben Plaza
426,772,93137 Buell Avenue
427,266,2 Dahle Junction
428,888,3 Utah Alley
429,723,46 Kenwood Lane
430,859,027 Fairfield Lane
431,602,54 Schiller Circle
432,411,45901 Northwestern Park
433,212,3 Oak Junction
434,866,7408 Sycamore Center
435,748,6302 Packers Circle
436,498,40 Red Cloud Trail
437,246,93345 Dwight Avenue
438,650,9 Monument Junction
439,462,80 Menomonie Crossing
440,953,7970 Basil Junction
441,249,60423 Huxley Circle
442,805,30 Del Sol Hill
443,475,15888 Tony Road
444,387,75368 Manitowish Avenue
445,669,11 Goodland Road
446,566,02 Dawn Court
447,268,70 Lien Point
448,321,18 Larry Junction
449,803,22 Killdeer Circle
450,124,090 Milwaukee Park
451,759,18586 Warbler Park
452,244,55425 Leroy Court
453,455,6 Swallow Drive
454,78,44983 Onsgard Crossing
455,236,9 Katie Road
456,13,654 Summerview Terrace
457,829,96231 Porter Place
458,216,6 Moland Avenue
459,882,493 Lillian Drive
460,209,60 Mayfield Drive
461,658,271 Esker Place
462,86,573 Troy Court
463,174,41167 Fallview Hill
464,589,1 Menomonie Crossing
465,277,4 Mallory Crossing
466,707,92242 Del Sol Drive
467,637,03 Union Pass
468,614,7009 Warner Terrace
469,797,6343 Springview Crossing
470,157,351 Packers Junction
471,606,1069 Duke Plaza
472,560,05 Pierstorff Street
473,583,194 Esker Crossing
474,112,30 Talmadge Way
475,598,6615 Armistice Parkway
476,893,1095 Monument Trail
477,973,827 Sommers Alley
478,577,1928 Service Circle
479,549,4 Sherman Point
480,891,502 Pankratz Circle
481,727,882 Sheridan Center
482,525,6383 Ohio Avenue
483,260,113 Pond Junction
484,56,2 Toban Hill
485,903,03480 Roxbury Park
486,241,260 Mariners Cove Park
487,896,97 Welch Parkway
488,552,6330 Old Gate Parkway
489,954,4157 Southridge Pass
490,5,246 Meadow Valley Way
491,851,47711 Scoville Junction
492,567,03 Logan Lane
493,568,11 Mccormick Avenue
494,635,196 Kim Circle
495,537,82 Declaration Crossing
496,886,537 Green Ridge Park
497,352,12078 Hollow Ridge Park
498,862,7 Charing Cross Junction
499,238,2555 Delaware Center
500,767,9 Stuart Crossing
501,72,088 Jenna Point
502,719,1615 High Crossing Trail
503,226,313 Grover Crossing
504,697,9893 Continental Lane
505,551,6025 Northwestern Junction
506,673,6 Michigan Park
507,654,119 Hoffman Way
508,702,8 Maple Wood Trail
509,863,2200 Eggendart Circle
510,652,3445 Farmco Parkway
511,596,0 Laurel Way
512,37,84790 Westport Crossing
513,133,50 Meadow Vale Terrace
514,106,0839 Delaware Road
515,649,8 Merchant Alley
516,933,4 Glacier Hill Point
517,889,58216 Lindbergh Alley
518,536,8646 Merrick Court
519,24,3658 Morningstar Way
520,103,41358 Kipling Center
521,529,59619 Loeprich Lane
522,262,4 Pond Park
523,527,15 Esch Place
524,267,12128 Red Cloud Plaza
525,306,653 Cordelia Drive
526,826,07372 Lindbergh Street
527,371,1 Logan Park
528,185,916 Holy Cross Lane
529,622,930 Sachtjen Court
530,631,5631 Mitchell Place
531,864,47753 Arapahoe Center
532,553,7 Paget Road
533,167,410 Leroy Way
534,857,2 Magdeline Lane
535,441,92 Reinke Trail
536,206,782 Clyde Gallagher Drive
537,924,8865 Riverside Crossing
538,273,571 Elmside Point
539,150,98430 Granby Place
540,905,6 Stuart Center
541,919,74628 Ruskin Way
542,671,30085 Village Green Park
543,690,939 Golf View Drive
544,162,959 Sycamore Circle
545,966,876 American Crossing
546,374,8144 Ohio Junction
547,8,600 Dapin Point
548,325,032 Twin Pines Parkway
549,257,45 Autumn Leaf Hill
550,719,02 Delladonna Alley
551,858,1597 5th Avenue
552,740,26495 Sherman Place
553,201,6033 Mendota Center
554,772,312 Warbler Junction
555,483,53 Michigan Crossing
556,315,122 Hollow Ridge Plaza
557,15,41 Elmside Parkway
558,405,04 Grim Plaza
559,786,7 Mandrake Street
560,939,7806 Warner Street
561,688,80307 Buena Vista Plaza
562,468,50 Sage Point
563,423,0 Village Road
564,27,56 Bartelt Way
565,725,09 Hudson Lane
566,766,05359 Morningstar Way
567,632,0643 Graceland Street
568,516,73577 Larry Way
569,17,66327 Redwing Park
570,280,7991 Schurz Point
571,604,708 Moulton Drive
572,724,10102 Macpherson Circle
573,176,6 Sauthoff Park
574,900,770 Fair Oaks Alley
575,509,612 Sherman Lane
576,172,434 Rusk Drive
577,910,994 Melody Court
578,937,2 Bonner Place
579,308,6083 Dryden Court
580,975,337 Amoth Park
581,368,2185 Arkansas Plaza
582,784,5 Novick Way
583,19,8352 Knutson Circle
584,689,1 Judy Crossing
585,170,99943 Farmco Road
586,692,2 Blackbird Point
587,929,616 Annamark Alley
588,343,08 Delaware Way
589,65,8067 Hovde Crossing
590,327,63 Colorado Point
591,721,7 Luster Road
592,741,749 Elgar Pass
593,648,381 Farwell Junction
594,841,08421 Eagle Crest Street
595,76,66532 Summit Park
596,436,43 Paget Court
597,760,084 Merry Street
598,30,1809 Carey Alley
599,381,744 Del Sol Court
600,674,86 Dahle Pass
601,963,24 Melby Lane
602,747,8 Del Mar Hill
603,38,814 Sunbrook Junction
604,762,84186 Mcbride Circle
605,818,3 Comanche Point
606,141,93 Nelson Point
607,659,465 Mallard Park
608,466,139 Butternut Street
609,330,10268 Sycamore Trail
610,665,09 Duke Road
611,81,6283 Bultman Way
612,586,34368 Del Sol Junction
613,628,644 Milwaukee Place
614,621,05 Annamark Trail
615,305,66 Jana Hill
616,395,6039 Express Crossing
617,814,8953 Lillian Junction
618,712,73 Old Shore Park
619,921,62589 Westport Alley
620,634,3316 Schlimgen Lane
621,489,594 Coolidge Trail
622,396,35 Nevada Street
623,363,67507 Kings Avenue
624,14,679 Hauk Road
625,119,5096 Gale Alley
626,555,8 Forest Place
627,43,43 Bonner Street
628,54,34289 Maywood Place
629,116,95325 Killdeer Way
630,513,88 Novick Junction
631,738,5 Green Terrace
632,242,86352 Lien Road
633,870,3 Maple Hill
634,222,8780 Mockingbird Court
635,336,3 International Avenue
636,729,2095 Anthes Point
637,40,891 Grim Court
638,593,099 Lakewood Plaza
639,433,25 Walton Terrace
640,519,33 Hauk Center
641,664,23 Maple Wood Park
642,361,279 Cottonwood Circle
643,617,2769 Parkside Place
644,835,29049 Declaration Alley
645,251,869 Monterey Junction
646,102,23 Union Drive
647,2,58435 Oakridge Circle
648,898,16 Arizona Parkway
649,182,8 Merrick Trail
650,354,59 Stoughton Terrace
651,941,88 Eliot Plaza
652,302,7391 Helena Point
653,197,196 Ridgeway Trail
654,173,52307 Bunting Way
655,214,6 Moland Place
656,559,995 Kinsman Alley
657,612,9 Lake View Circle
658,948,8 Rockefeller Terrace
659,608,0 Hoepker Terrace
660,454,61887 Ryan Point
661,816,43174 Charing Cross Park
662,981,605 Center Hill
663,297,47575 Bluejay Lane
664,660,38877 Fulton Alley
665,838,62704 Chive Point
666,945,64 Redwing Crossing
667,205,3088 Pierstorff Way
668,703,189 Fordem Avenue
669,619,7155 Sullivan Crossing
670,397,75 Carpenter Parkway
671,75,11 Old Shore Road
672,783,1 Tony Park
673,517,5 Victoria Lane
674,203,05 Dakota Court
675,90,32640 Sauthoff Place
676,965,08214 Blaine Trail
677,557,70220 Corry Alley
678,34,69 Portage Plaza
679,515,64 Waywood Point
680,507,29650 Eagle Crest Alley
681,683,9259 International Trail
682,134,1 Leroy Center
683,758,93947 Magdeline Place
684,69,44 Shoshone Parkway
685,125,64 Gina Junction
686,754,8 Dottie Road
687,640,3 7th Plaza
688,434,98035 Express Street
689,510,68 Fulton Park
690,486,53 Bonner Crossing
691,155,13 Daystar Point
692,661,1 Sycamore Center
693,100,255 Melody Alley
694,181,71 Clove Place
695,638,82874 Old Shore Parkway
696,961,9104 Sutteridge Pass
697,909,329 Village Street
698,263,886 Corry Court
699,802,3688 Fordem Point
700,682,026 Eastlawn Way
701,764,48097 Muir Circle
702,844,1 Blackbird Way
703,192,4945 Park Meadow Parkway
704,576,8 Pennsylvania Crossing
705,820,3203 Brown Park
706,233,3181 Grayhawk Crossing
707,96,93 Crowley Drive
708,504,5153 Fair Oaks Pass
709,437,89463 Derek Point
710,581,8 Corscot Alley
711,294,78779 Del Sol Place
712,541,7 Anderson Crossing
713,487,208 Continental Avenue
714,815,47422 Pleasure Junction
715,696,7152 Northland Junction
716,681,7712 Ramsey Point
717,230,73 Graedel Terrace
718,128,60415 Stuart Point
719,879,73434 Beilfuss Parkway
720,309,5035 Bayside Junction
721,324,3895 Lerdahl Alley
722,728,8 Golden Leaf Way
723,372,1 Thompson Alley
724,373,97 Parkside Junction
725,250,02479 Gateway Court
726,547,10 Oxford Drive
727,496,4210 Prairie Rose Lane
728,913,6 Veith Court
729,630,614 Steensland Avenue
730,530,3 Larry Pass
731,923,1605 Eastlawn Terrace
732,912,2609 Veith Park
733,348,14 Buell Alley
734,824,2661 Waubesa Trail
735,326,7 Carpenter Center
736,983,73936 Moulton Hill
737,200,2378 Comanche Place
738,239,5230 Gateway Avenue
739,605,15084 Fisk Place
740,636,685 Leroy Point
741,571,41 Melody Point
742,173,831 Heffernan Court
743,701,0 Kennedy Lane
744,443,36 Gina Way
745,346,92199 Mifflin Terrace
746,828,36696 Ridgeview Place
747,317,696 Park Meadow Park
748,364,2 Moland Street
749,950,7418 2nd Hill
750,743,85 Merrick Terrace
751,873,368 Anderson Pass
752,920,9423 East Crossing
753,884,58321 Clemons Circle
754,310,85565 Garrison Terrace
755,911,19 Vidon Lane
756,259,393 Declaration Court
757,833,317 Twin Pines Court
758,806,09 Dawn Road
759,718,7 Starling Street
760,565,891 Muir Court
761,881,18440 Kim Terrace
762,107,2 Green Ridge Place
763,477,46275 7th Lane
764,71,940 Stone Corner Court
765,733,56974 Namekagon Street
766,472,1 Barby Parkway
767,915,72 Sheridan Parkway
768,191,7 Nancy Terrace
769,978,63 Ryan Road
770,422,02 Pawling Circle
771,114,0 Maple Circle
772,224,4036 Moland Circle
773,338,02 Duke Terrace
774,502,91 Waxwing Terrace
775,70,09 Maple Way
776,680,3193 Bobwhite Court
777,478,36870 Rusk Drive
778,790,063 Walton Center
779,412,61270 Bobwhite Circle
780,533,6029 Calypso Road
781,962,98 Oxford Lane
782,366,67790 Trailsway Crossing
783,295,88123 Glacier Hill Hill
784,582,1844 Trailsway Circle
785,494,39 Daystar Circle
786,243,6515 8th Junction
787,755,3069 Bobwhite Court
788,982,088 Morrow Drive
789,23,4063 Columbus Drive
790,607,7951 Dayton Terrace
791,55,465 Knutson Alley
792,979,3031 Village Pass
793,3,61326 Anniversary Drive
794,31,23480 Oxford Lane
795,485,974 Donald Trail
796,313,480 Fair Oaks Street
797,943,4107 Hanover Circle
798,420,12152 Anhalt Street
799,451,73574 Forster Road
800,779,4 Sheridan Court
801,777,0732 Cody Point
802,158,59399 Mosinee Court
803,672,5 Gateway Parkway
804,846,61188 Bartillon Pass
805,349,59 Forest Run Street
806,562,309 Hoffman Alley
807,769,07 Center Center
808,88,6107 Becker Trail
809,229,21 Oak Way
810,832,14792 Nancy Parkway
811,774,162 Susan Circle
812,12,2847 Prairieview Hill
813,296,99555 Randy Plaza
814,883,6 Hollow Ridge Park
815,252,597 Lakewood Avenue
816,284,52 Badeau Center
817,734,03672 Barnett Trail
818,860,96291 Meadow Valley Court
819,97,72131 Hayes Drive
820,490,88 Tony Crossing
821,129,8422 Tennyson Crossing
822,514,580 Scott Drive
823,415,8 Menomonie Avenue
824,121,4 Truax Hill
825,386,6 Cody Avenue
826,914,2 Rockefeller Lane
827,444,6 Elgar Circle
828,977,364 Bellgrove Point
829,499,39793 Evergreen Alley
830,219,50894 Oak Valley Avenue
831,365,99 Havey Place
832,843,05957 Del Sol Pass
833,64,37178 Manufacturers Drive
834,925,09868 Colorado Crossing
835,731,240 Anthes Lane
836,775,59 Atwood Junction
837,791,6 David Plaza
838,425,64 Crownhardt Center
839,745,8 Heffernan Court
840,204,3482 Crowley Way
841,332,1856 Orin Pass
842,42,4 Sunnyside Park
843,247,86 Bonner Hill
844,311,4 Fair Oaks Court
845,823,4 Delladonna Crossing
846,289,26 Dwight Alley
847,290,4172 Homewood Circle
848,87,045 Claremont Court
849,109,85367 Monica Hill
850,480,4 Lyons Avenue
851,742,131 Pond Way
852,845,34 Gulseth Park
853,375,609 Dorton Avenue
854,261,07696 Manitowish Park
855,713,8 Oxford Plaza
856,171,8269 Chive Road
857,126,432 Forest Run Plaza
858,492,96 Russell Terrace
859,705,5319 Debs Crossing
860,45,30772 Quincy Street
861,662,0 Porter Center
862,730,58262 Farragut Hill
863,693,2 Sundown Trail
864,679,41542 Rockefeller Hill
865,518,88 Oxford Junction
866,794,49 Bayside Place
867,813,3180 Eliot Court
868,73,6 Melrose Crossing
869,695,9 Upham Way
870,303,1667 Village Green Center
871,184,74136 Northview Park
872,293,899 Comanche Alley
873,358,81254 Moulton Junction
874,592,75 Dottie Hill
875,959,65105 Columbus Drive
876,685,099 International Trail
877,48,7 Stephen Court
878,152,49672 Dryden Way
879,676,915 Pennsylvania Road
880,18,82215 Chinook Street
881,855,94 Scott Park
882,394,9 Tomscot Pass
883,428,42677 Troy Pass
884,258,7 Cherokee Trail
885,809,0 Pawling Terrace
886,849,90 Johnson Street
887,682,84 Mesta Drive
888,947,64 Lawn Drive
889,757,0 Granby Place
890,825,52 Bellgrove Street
891,318,3 Melrose Point
892,94,0 Bayside Pass
893,875,584 Troy Trail
894,821,9 Sachs Place
895,177,38 Saint Paul Street
896,189,968 Pond Road
897,359,49 Golf Junction
898,319,022 Stephen Way
899,92,4548 Lakewood Trail
900,508,38 Eggendart Avenue
901,543,730 Oneill Hill
902,785,16 Anhalt Point
903,752,43 Kennedy Parkway
904,573,433 David Avenue
905,199,1 Anhalt Center
906,597,803 Waywood Street
907,122,6507 Messerschmidt Avenue
908,453,5 Bashford Hill
909,539,89417 Southridge Terrace
910,801,14984 Mifflin Center
911,255,004 Grover Hill
912,626,44 Dawn Way
913,810,8 Ohio Junction
914,414,34651 Namekagon Alley
915,1,33124 School Drive
916,192,59 Granby Lane
917,642,1769 Iowa Point
918,926,3303 Moose Terrace
919,869,93 Jackson Junction
920,488,5174 Colorado Road
921,817,142 Moose Crossing
922,84,93 Waxwing Point
923,409,31218 Corscot Hill
924,210,734 Birchwood Parkway
925,105,45 Main Hill
926,709,79 Green Alley
927,269,76 Monument Drive
928,435,30252 Old Shore Terrace
929,627,981 Hagan Pass
930,217,13692 Golf Trail
931,400,20 Northland Street
932,749,849 Butternut Place
933,393,11 Blackbird Pass
934,969,9 Orin Avenue
935,138,78346 7th Avenue
936,976,8892 Del Sol Center
937,288,261 Debs Crossing
938,837,85 Raven Road
939,143,804 Independence Street
940,464,0448 Badeau Point
941,698,681 Packers Place
942,298,97323 Center Point
943,717,21819 Sheridan Junction
944,104,870 East Crossing
945,770,7498 Moulton Junction
946,136,80 Commercial Alley
947,168,8322 Eagan Avenue
948,792,382 Carpenter Junction
949,407,32913 Logan Center
950,930,5 Columbus Lane
951,66,93548 Loftsgordon Crossing
952,938,73 Jana Hill
953,438,952 Bunting Center
954,175,08 Hovde Terrace
955,639,65940 Rutledge Road
956,334,61 Sunnyside Drive
957,440,33 Buell Park
958,584,8 Golf Course Way
959,778,2 Becker Trail
960,885,10545 Helena Way
961,894,2178 Alpine Plaza
962,356,667 Fuller Court
963,145,8 Buell Alley
964,773,21949 Michigan Alley
965,958,63564 Menomonie Circle
966,522,39 Butternut Trail
967,465,8219 Oakridge Street
968,971,2716 Forest Run Alley
969,304,6 Sommers Terrace
970,590,0960 Havey Crossing
971,854,5995 Pleasure Center
972,746,0 Michigan Center
973,285,11298 Orin Trail
974,951,346 Hagan Hill
975,292,56 3rd Park
976,538,35 2nd Trail
977,704,13866 Emmet Park
978,730,12 Sullivan Crossing
979,603,482 Gale Park
980,421,8 Schurz Crossing
981,89,17834 High Crossing Road
982,645,849 Iowa Court
983,350,02 Arkansas Lane
984,940,09 Onsgard Park
985,838,24519 Glacier Hill Lane
986,194,92271 Manufacturers Plaza
987,301,6 Lindbergh Terrace
988,666,55 Monterey Drive
989,131,38024 Elka Avenue
990,385,8 East Way
991,916,72 Quincy Terrace
992,378,50800 Prentice Park
993,431,0609 Vahlen Parkway
994,840,5 Reinke Alley
995,808,87 Cambridge Avenue
996,623,3217 Buena Vista Circle
997,430,20 Ilene Alley
998,497,5926 Sloan Alley
999,800,59616 Ronald Regan Place
1000,544,1399 Katie Place
